{
 "tag": "m_clip_unnorm_p1",
 "cos_median": 0.7225978374481201,
 "cos_p10_p90": [
  0.42485401034355164,
  0.8519144654273987
 ],
 "norm_ratio_median": 0.7226662635803223,
 "retrieval_a2z": [
  35.132557695975585,
  57.638756437154306
 ],
 "per_task_cos_median": {
  "pick_up_the_black_bowl_between_the_plate": 0.6543451547622681,
  "pick_up_the_black_bowl_from_table_center": 0.7348601222038269,
  "pick_up_the_black_bowl_in_the_top_drawer": 0.672106146812439,
  "pick_up_the_black_bowl_next_to_the_cooki": 0.7728927135467529,
  "pick_up_the_black_bowl_next_to_the_plate": 0.6868445873260498,
  "pick_up_the_black_bowl_next_to_the_ramek": 0.7211431264877319,
  "pick_up_the_black_bowl_on_the_cookie_box": 0.7687768936157227,
  "pick_up_the_black_bowl_on_the_ramekin_an": 0.6645607948303223,
  "pick_up_the_black_bowl_on_the_stove_and_": 0.7138311266899109,
  "pick_up_the_black_bowl_on_the_wooden_cab": 0.7554092407226562
 },
 "n_val": 5243
}