{
 "n_steps": 62250,
 "n_demos": 500,
 "mean_demo_len": 124.5,
 "norm_percentiles": {
  "1": 0.06612621803997293,
  "5": 0.17174635542720895,
  "10": 0.2638869518157664,
  "25": 0.5208658977914841,
  "50": 0.8177656198007023,
  "75": 0.9600245133248974,
  "90": 1.0478110884835314
 },
 "filter_rate_by_eps": {
  "1e-06": 0.0011887550200803212,
  "1e-05": 0.0011887550200803212,
  "1e-04": 0.0011887550200803212,
  "1e-03": 0.0011887550200803212,
  "1e-02": 0.0015742971887550202,
  "1e-01": 0.01683534136546185
 },
 "zero_norm_rate": 0.0015582329317269075
}