{
 "clip": {
  "norm_median": 16.718948364257812,
  "norm_cv": 0.07132244110107422,
  "pairwise_cos_median": 0.8626330494880676,
  "pairwise_cos_p10_p90": [
   0.7553199529647827,
   0.950508177280426
  ],
  "dim": 768
 },
 "siglip2": {
  "norm_median": 33.63346862792969,
  "norm_cv": 0.059452515095472336,
  "pairwise_cos_median": 0.8907341957092285,
  "pairwise_cos_p10_p90": [
   0.7617195844650269,
   0.9594897031784058
  ],
  "dim": 1152
 }
}